Welcome to Dead House;Bem-Vindos à Casa dos Mortos
Stay Out of the Basement;Fique Longe do Porão
Monster Blood;Sangue de Monstro
Say Cheese and Die!;Sorria e Morra
The Curse of the Mummy's Tomb;A Maldição da Tumba da Múmia
Let's Get Invisible!;Vamos Ficar Invisíveis!
Night of the Living Dummy;O Mistério do Boneco
The Girl Who Cried Monster;Terror na Biblioteca
Welcome to Camp Nightmare;Bem-Vindo ao Acampamento dos Pesadelos
The Ghost Next Door;O Fantasma da Casa ao Lado
The Haunted Mask;A Máscara Monstruosa
The Werewolf of Fever Swamp;O Lobisomem do Pântano da Febre
One Day At Horrorland;Um Dia no Parque do Terror
Deep Trouble;O Segredo do Fundo do Mar
The Scarecrow Walks at Midnight;O Espantalho Anda à Meia-Noite
Ghost Beach;Praia Fantasma
It Came from Beneath the Sink;Ele Saiu de Baixo da Pia
The Barking Ghost;O Latido do Cão Fantasma
The Horror at Camp Jellyjam;Terror no Acampamento Rei Geleião
A Shocker on Shock Street;Um Choque na Rua Shock
The Abominable Snowman of Pasadena;O Abominável Homem das Neves de Pasadena
How I Got My Shrunken Head;A História da Minha Cabeça Encolhida
Egg Monsters from Mars;Ovos Monstruosos Vindos de Marte
Say Cheese and Die—Again!;Sorria e Morra... Outra Vez!
Ghost Camp;Acampamento Fantasma
How to Kill a Monster;Como Matar um Monstro
